"","x1","x2","x3"
"1",-0.545307693968371,2.8699709445062,2.37417717373883
"2",-2.23663534873576,-1.67955493951965,-1.7221972350852
"3",-0.726957493842312,0.85297861061485,5.71170986061135
"4",-1.19365209929621,-0.300922047940402,2.64898797913603
"5",-0.785735648467775,1.55257639189646,4.03706967387969
"6",-0.115022702045793,2.25507763632194,7.29505248979493
"7",-0.773411510810064,1.40272176046695,3.7254519310094
"8",-0.894130361322203,1.05970726204761,4.44568684822097
"9",-1.3616225228114,-0.401501876755035,2.25204846980904
"10",-1.53620819476852,0.243900101493363,0.680758936111387
"11",-0.726562108380165,3.05092737630402,5.9109947252417
"12",-0.311572909323222,3.90048068552642,5.07731769817416
"13",-0.346310721292994,2.69593874185209,6.61144930251998
"14",0.0976054155935049,4.45650865782032,9.65960180165014
"15",-0.478355289456489,1.73032317893511,4.54613747409334
"16",-1.03802423824062,1.19555370788596,2.62652898781137
"17",-1.35351174610623,0.0894015008107431,1.75833728013134
"18",-1.63957450768419,-0.45499813435654,-0.992403157711613
"19",-0.911667811978717,0.252438955283293,2.63946816531797
"20",-1.20437078687328,1.61289245710692,1.73549543529996
"21",-1.27216208224786,0.293781624014731,2.28497788363263
"22",-0.272201069766865,2.57818325824418,6.53562743421221
"23",-1.55822680919927,0.0335325610155136,0.985932687587661
"24",-1.2728021416569,1.11434764373542,2.60424170389971
"25",-1.05572313560114,1.13242512596261,3.9601622231819
"26",-1.05971563216534,1.83972957279153,2.16582853998833
"27",-1.28115440474475,-0.826083305378645,2.0785452751692
"28",-0.489326468199372,2.08914319564064,4.06906163037467
"29",-0.664702199777154,1.93419815036438,3.22053636322977
"30",-0.767090763566169,1.01335773140248,4.4867814682264
"31",-1.19519268953338,0.451237840084738,3.03651427140967
"32",-0.375642922885822,2.9625427608355,6.98205189280271
"33",-0.873919375745703,0.655954892975857,2.37956717571312
"34",-0.659728727294788,2.31662207394657,4.98459684535271
"35",-0.735372222302341,0.68701171797385,5.00403754041049
"36",-0.201132744736493,2.46739104668455,5.73365272774287
"37",-2.13136639877557,-0.266411139884879,0.38729974672797
"38",-0.681186894580168,1.30143583797832,4.17743189120248
"39",-0.830795741994446,2.59894957821927,2.43789618987445
"40",0.0712904138978048,3.56717139008987,8.28845347588756
"41",-1.18727874134901,1.45421383225373,3.24885822622623
"42",-0.30855439096498,1.63241494401947,4.87887053437497
"43",-0.937191177923862,1.11243398631938,4.47126690347592
"44",-1.3391274420782,0.568429337127055,0.81950494665671
"45",-0.571457963114669,2.50277822566123,4.62481993552665
"46",-1.15682863037755,0.683998113231429,2.9548952116232
"47",-1.60893255329555,0.503398150930094,2.8796642800702
"48",-1.24303115379839,0.967393126781877,3.02069557588698
"49",-1.40640029496778,0.229293830527734,0.616728864049203
"50",-1.28339570677049,-0.0683196068884853,0.906639881998414
"51",-1.04839081507821,-0.0147300380159046,2.93746225880998
"52",-1.19331725164499,2.54471185009413,3.41863903582197
"53",-1.37623516055693,-0.202910927779512,1.14264274141787
"54",-1.47049803170658,0.168199637891689,1.83189754458146
"55",-1.5514682072492,-2.65159957519928,-0.255708741031945
"56",-1.00908167356106,1.00071128423637,4.27094171234027
"57",-1.17842722141438,0.77999822930459,2.89055345717544
"58",-1.54094618253134,0.637450956017731,-0.81792555363937
"59",-1.08037014102492,0.665264896046218,1.30115076053885
"60",-0.693541123235399,0.479987114411394,1.83832269065894
"61",-1.22449978997399,0.368814095696718,2.88318214561504
"62",-0.480897772893094,2.43626145746295,6.26453791983339
"63",-0.152131556272309,3.24086726617986,7.25968322992717
"64",-1.68740336825903,-1.09868925572498,0.660346841425363
"65",-1.33469638649644,-0.221933584970436,2.02250524997999
"66",-0.956517254580895,0.75396565635971,3.7574862809805
"67",-0.757051055006049,0.937561100326233,5.80198436134305
"68",-2.15829544050101,-1.74618669530518,-2.10395652939521
"69",-1.14390763226242,0.0880085449884795,2.69252687508344
"70",-2.50414821836415,-3.04382412816724,-3.4087042547865
"71",-1.99472545937365,-2.29608297741197,-2.30147137626803
"72",-0.736808703261799,3.0862844074531,5.53534575266382
"73",-0.850814679206172,1.18941301069659,3.9979654952803
"74",-0.668224743977308,1.0603497535084,4.50208103233615
"75",-1.21419952058251,0.288680130161111,2.2214588373888
"76",0.050998979431933,3.54959208095888,6.28411572093413
"77",-0.461513274328917,2.22915740176107,4.13378160277075
"78",-0.757483222511764,1.72554604677336,3.70124094581735
"79",-1.0450789672604,0.303237029686042,1.35641823901704
"80",-0.461815043625386,2.89948560805255,5.03216902213937
"81",-1.09221159215923,1.78991756696926,4.61391084203578
"82",-1.2631501274492,0.456643009318645,2.28749715389005
"83",-1.66459921659482,0.713811688105606,0.61854392171061
"84",-0.642911214101137,2.69377866141657,6.69572929930606
"85",-0.153971059621606,3.02871199903687,8.09761561175441
"86",-1.66270093159088,-0.424797422453939,-0.309014983833503
"87",-1.29957602821148,-0.372751353715001,4.13576901516483
"88",-1.41698959336655,0.55506805373348,0.61889556455039
"89",-1.33088066313102,0.565751373165569,2.75995719334591
"90",-0.562925546267687,1.84109527492343,3.70267836662853
"91",-0.528987691860573,1.49120887371439,4.92048035697061
"92",-1.40026699977681,0.204647171486332,2.0192147813588
"93",-0.474464777126279,1.64196063797316,5.22920330967009
"94",-1.46517436169391,-0.383467620775166,2.92235649468237
"95",-0.664334566205705,1.64343596220811,5.29911141886882
"96",-1.48804629674131,1.66131342744935,0.840550166175794
"97",-0.871871527617689,1.30402346163018,2.65051818041712
"98",-0.717339272504974,1.34840332965825,4.76979977559681
"99",-1.03083635025793,0.0614152916084851,4.9287650927874
"100",-1.33929965048908,2.34410111784551,2.67031136024382
"101",-0.664406019505235,2.69000373778555,4.97629154579623
"102",-0.640113881203508,1.3818805457226,3.91851618157389
"103",-0.986266984019395,2.06772471598163,3.79239276469648
"104",-1.57302910862503,-0.161566370938685,0.987970655572244
"105",-1.08771673749585,1.75479012960236,2.00793804533633
"106",-0.89677751509541,2.53708754490899,4.07684831825112
"107",-1.24257774577265,1.15747172639274,3.0457158495404
"108",-1.1399498454013,-0.248831434356466,0.309579349317048
"109",-1.34643092985079,-1.20822182448651,0.456128763021823
"110",-0.784637749590325,-0.164451779809845,5.50462334076921
"111",-0.919508318137068,0.706984379973371,2.11951418352053
"112",-2.07982246257115,-2.29018947717781,-3.50748476858717
"113",-1.31457288778588,1.43657996019173,0.596311004515687
"114",-0.654621663791533,2.74851498251172,3.63919964496828
"115",-1.42651278256764,-0.750935998976283,1.31205957548234
"116",-1.23976901992584,-0.176455650578508,0.759525601911193
"117",-0.549445632578351,2.53628582186757,4.80457037631332
"118",-1.375050181058,0.710257694856406,2.94000752854829
"119",-1.15514591841785,0.114474973878907,1.37953189697253
"120",-1.21924663948069,-0.315651199190649,1.12562904372795
"121",-1.33579659181851,0.628810069503125,0.904443596265586
"122",-0.465767362596721,2.12262777757049,4.95136930245961
"123",-1.23156582282741,0.574035220022756,3.5920844419606
"124",-0.265360287407501,2.38399134947987,4.52612365034149
"125",-0.522410627385287,0.266233385388081,4.59936072298189
"126",-0.070193397738074,3.04666210630917,6.53438219946979
"127",-1.96133674100114,-1.56480994902414,-1.41631522194117
"128",-0.40101026379011,1.47502129040774,6.13625076547053
"129",-0.910057087742289,1.50259436679304,3.65375008895792
"130",-1.89347161429045,-0.0153186702379786,-0.32185782175659
"131",-0.856006174135107,0.615583675815109,2.74548849893701
"132",-0.582653848165937,2.60122072534491,4.49739235637561
"133",-0.713944689554652,0.239210652416937,4.89456456401932
"134",-1.65684609513011,0.435417716146643,1.11435108888572
"135",-1.48301472042446,-0.221935822030986,0.577262755124343
"136",-0.929234602193643,1.61772120144778,3.3880995355538
"137",-1.2625095904778,-0.0919740363207149,1.0426192328427
"138",-0.76221707891095,1.98475925201949,5.31372893294324
"139",-1.60718715616747,-0.77335860650144,-0.194840941900013
"140",-1.76045136537702,-1.34510313225628,-0.327118882722715
"141",-0.53731972227697,2.15280818844593,5.14239347577531
"142",-1.50594952381291,-0.36625391501387,0.468034120732285
"143",-0.499875711472449,2.06971700447082,4.97798694753143
"144",-2.03097240371425,-0.970580209065965,-2.66273952827569
"145",-1.86936002297657,-0.416140997294432,1.85519875994994
"146",-0.217679910184359,2.47880503405466,6.31224651860303
"147",-1.3288803471779,0.769050968717247,1.78484029878179
"148",-1.45858967496568,0.0652898658796027,0.979698376471608
"149",-0.420290574770236,2.2067711084991,6.52402487811937
"150",-0.769467286020729,1.85810990561093,3.86211758457962
"151",-1.51783190037023,-0.389571945890965,2.26130422484409
"152",-1.54596886227479,0.114600691907837,1.0006723950448
"153",-1.56141648530517,-0.319368823515179,0.323699974904821
"154",-1.17684480573972,1.67558220447447,0.442571286325983
"155",-0.731338043373942,2.48603871912596,4.70066282524756
"156",-0.65711029510957,1.94018974701486,2.89910126331654
"157",-0.294313997636288,2.08030194007629,5.76029407979595
"158",-1.37635294421125,-0.684916680352635,2.64880353321901
"159",-0.962300319516272,1.76256697238897,2.71839885006666
"160",-0.860172353396241,0.842670708292483,4.60728025254006
"161",-2.73140647386853,-2.55712843107333,-4.68346589818147
"162",-1.63602737049137,0.513536854610852,0.707782782281988
"163",-1.06463552988193,1.18363944228529,1.97787763332604
"164",-1.11718032159155,1.17285498469952,0.922070001916987
"165",-0.470594307352602,1.80961907613402,6.83821011591029
"166",-0.926177607704296,1.21003668976407,2.41204081796975
"167",-0.502657325093364,1.64193263201905,5.47192826917891
"168",-0.291479649177245,1.53737059583508,6.35395594073226
"169",0.217073909409611,2.17691452076815,7.43175570832483
"170",-1.29408872482413,0.603225750247186,2.42780521366721
"171",-0.971699412814599,1.40647986446282,5.19690235981187
"172",-0.994598966396502,1.43454218946407,2.17696947499007
"173",-1.01809611754062,0.765499942898566,3.65894754353314
"174",-1.66347194264193,0.0657082905189854,0.541646116974625
"175",-1.19341986384695,1.53344605231677,2.87111609531675
"176",-1.23009976073492,-0.287233239488118,-0.159389480559629
"177",-0.435391800538562,2.64844992173927,4.02858542614358
"178",-1.76257726374775,-0.340393534762985,0.0594811012082115
"179",-0.603515190617038,1.52222363678554,4.41254474454451
"180",-1.44316499497051,-0.457101939749049,1.29473976119196
"181",-1.08190624785847,1.33581847714809,2.93159579896142
"182",-0.887256830794649,1.28515887524865,4.04033798102082
"183",0.129190947241763,2.89023790995923,7.36054533113944
"184",-1.23496913635649,0.414454832783649,2.61790136488465
"185",-1.31781907386572,0.90876963855439,2.39425240688278
"186",-1.42885950369344,1.17807234996273,0.293505280549053
"187",-0.519921386115362,1.31374378163657,5.11096506796938
"188",-0.542613828964346,1.98010890170993,6.81679568625999
"189",-0.351310249766548,2.93599026488049,5.84247552137701
"190",-1.0688054908825,1.54298184923774,3.49601025954969
"191",-0.719490424774336,1.79486969342541,4.44563748914164
"192",-0.778890850641489,0.480773842449915,4.22429031288202
"193",-0.438585804847757,1.7872416445489,4.25168708018537
"194",-1.03962278627406,1.43506701701787,3.37506130927214
"195",-0.378838372697012,2.29860438237358,7.23933900887918
"196",-1.60831597094432,-1.32467705185173,1.09314216225743
"197",-0.740907835789127,1.67358276654134,2.22064424663383
"198",-0.280299737342698,3.33868224468645,4.76603417513644
"199",-0.556201947682082,1.33567592476392,5.91029768318502
"200",-1.2069855424202,0.597971190097807,2.98540975577402
"201",-0.286009058395172,3.63805314011196,5.84237765175978
"202",-1.61597123449356,0.0599827342153684,1.93793540784593
"203",-0.16563413135444,3.47360167122106,5.28348488241157
"204",-0.914515215755653,1.55363007083919,3.38309042584659
"205",-0.624930794657689,1.66486548765106,5.36906364638929
"206",-0.713784181695874,2.50431767244224,5.41721491898684
"207",-0.745744335370863,1.09515008638106,4.51270173697866
"208",-2.08675182787664,-0.913403749882769,-0.712801128760703
"209",-1.22514219933509,-0.0926722023845574,1.34189091426891
"210",-1.13415500402362,2.91161065024087,1.64635406804174
"211",-0.913812730594927,0.3770635984889,5.08616267571308
"212",-0.631680542795537,0.37132772112739,1.15904272134525
"213",-0.576385593541277,3.64074612686348,5.87162644312599
"214",-2.03920430629995,-1.22718138947572,-1.27272546684561
"215",-0.678856987314519,2.61332040605601,5.53644507603884
"216",-0.998806781856517,0.754321473816652,3.56541992172931
"217",-0.460926829278428,1.97854819387248,4.1035908871354
"218",-1.246670914531,1.01344703602793,0.976372570916077
"219",-0.873910241641882,0.0364404289384165,1.94423882260058
"220",-1.05299499982989,1.73285298791494,3.75840747280636
"221",0.0236761539478101,3.039093109219,6.67264825078988
"222",-1.35247379730282,0.300096750488947,1.59869500673047
"223",-0.541272822585861,3.01283498779257,7.52299185062512
"224",-0.683655607116093,2.25726537922081,5.70791528692148
"225",-0.929695494760091,1.43345410502036,3.96810439472768
"226",-1.37992048826069,-0.193003304960429,0.598733882458252
"227",-2.30440559739729,-0.703835835882024,-1.83224973753464
"228",-0.919276264647199,3.16145078384615,2.33162348997354
"229",-1.39610474747677,0.729328264871309,2.58265165916814
"230",-2.36687612833327,-1.52893133446883,-3.47707534643668
"231",-0.849651636272001,1.38145386932517,3.78938830582158
"232",-0.643387620580792,1.59168111401158,4.13381747766981
"233",-0.178133975353659,2.58444360059198,6.10892886277124
"234",-0.469020363390593,2.47011628122685,4.50631399244446
"235",-0.539482639770028,2.21254945090112,4.66285747602692
"236",-0.966320952305652,1.32813470029113,5.02078669442091
"237",-1.03191884978047,-0.77060363646038,1.65405097722918
"238",-1.34325046747559,-0.0750896644636934,1.08203090414991
"239",-1.20046970397601,2.02338847663533,2.02617627592352
"240",-0.492308834434274,1.87432183890771,5.44777358178353
"241",0.0448678797004161,3.51908923835874,7.84979876898429
"242",-2.23061932373983,-0.172947056062199,-2.93038585039791
"243",-1.38707886287123,0.813442832178027,1.09201022572484
"244",-1.72261204453862,0.0780184199506414,1.98955596756303
"245",-0.762644344509901,0.950304338834017,3.60901797447582
"246",-2.39033817317456,-1.98033339891398,-2.46427208415162
"247",-1.2774747246503,0.884637934115445,2.69491048373501
"248",-0.874822113759284,0.933910995967183,4.47643059541534
"249",-1.06555227278984,0.363978238353621,1.20548378537191
"250",-0.355647953836508,1.57413825170475,5.54226597167314
"251",-1.20778976959932,-0.35472893196017,0.39854405522139
"252",-0.487159258519718,2.23882578310843,3.72633547227698
"253",-0.986439948480335,0.791877277126747,0.848163963567433
"254",-1.09990342034573,0.429213870668529,3.55453977609378
"255",-1.30165060449291,1.27366895730411,3.51039595887981
"256",-2.01981504647884,-1.4717705475927,0.703565602746379
"257",-1.08730914842073,2.23077011617696,2.7625852886172
"258",-0.257191139861963,2.02709316369369,5.01007394995637
"259",-1.16260278483577,0.932398799641276,3.20377430937025
"260",-0.335347212868236,2.13034171189477,4.61140122652561
"261",-0.574519706862696,3.50382785777659,5.33196752388021
"262",-1.00810830554036,1.66500077587917,1.98761970111126
"263",-1.12329128364728,0.867969053676294,3.65504445139434
"264",-1.72156683345704,-0.144361490835867,0.587896340604463
"265",-0.792427104683213,2.54455393915356,4.3721877007085
"266",-0.152328193100254,2.05868323372945,6.37253870217768
"267",-0.744090753088845,2.98635721728033,5.2958820851392
"268",0.026353977046301,2.49985252005672,6.99539114885865
"269",-1.51723322590386,-0.550625289404794,0.806261814001541
"270",-1.28724978609381,0.975201336740191,0.457599928396985
"271",-0.729757340290541,1.65898728363796,3.93671518733867
"272",-1.11210951045104,-0.515776667385359,5.40612170459585
"273",-1.43001073407686,1.71145035136668,2.99768630760884
"274",-1.67968947162946,0.667861201755202,1.54431782501315
"275",-0.935871512628837,2.16459552852759,4.77228849089048
"276",-1.16119384322012,1.03196543405528,1.99610749775114
"277",-1.72006903004706,-0.869427988243443,-0.186696992302108
"278",-1.58597534113441,-0.787731755128755,-0.904013631657184
"279",-1.03644466180725,0.991551927728547,2.10479873896361
"280",-0.119440021975009,2.99118823452018,6.27653361918402
"281",-0.935934984326129,-0.219867228314489,4.09265979182211
"282",-1.64838717339869,-0.814397512620543,-0.752226610644494
"283",-0.562532336176246,0.796194304708716,3.73775404714001
"284",-0.42590885160871,2.60268936426701,5.70769631236452
"285",-0.660998696202173,1.16736826647895,2.83729240577023
"286",-0.970577881563056,0.256301601188357,2.72436890797917
"287",-1.13287281289558,-0.314732702688581,1.93425219010907
"288",-1.33801253205288,1.18463627549178,2.46906591274468
"289",-0.0939024765212335,2.67109563902436,8.32798323267329
"290",-0.874421146746944,1.01608869596943,2.04465618346009
"291",-1.03855930845945,1.0327802752493,3.77646584329642
"292",-1.070101962062,1.53146718489511,3.57262128072237
"293",-1.08921528136902,0.363863587018561,5.17066200578525
"294",-1.22482384418912,1.21304386635589,2.46766467753607
"295",-2.08598825373769,-0.954051581800038,-3.72462190521983
"296",-0.593249619610247,1.93935063078607,4.18819572167107
"297",-1.1974479357958,0.295823042884121,2.91206986869803
"298",-1.13495437447869,0.786172865929841,1.71820504983414
"299",-0.214082010478105,2.9642538749515,5.88274655736267
"300",-1.00161356239896,2.1529785937077,3.72118657192646
"301",-0.620163807126807,1.37842474951167,5.34958726816019
"302",-0.793183167211787,0.70888735578816,4.65104896276897
"303",-0.260977348588057,1.93306624077682,5.92618843196149
"304",-1.81090145977989,-0.311785027014456,-0.777670112731028
"305",-0.850873203875124,1.89364633505138,1.80604908606362
"306",-0.267062383456089,3.03820995748939,6.8079762457732
"307",-1.15412321787968,1.54650758837495,3.65884115361926
"308",-1.40624514283532,-0.26665514510798,1.80322287306606
"309",-0.818754214753066,0.904902300563462,4.08432533224358
"310",-1.67025489078804,-0.440203802906215,0.283388609083581
"311",-0.524937903866205,1.98631695071282,4.70567653931549
"312",-0.885109721132425,1.18967139906105,2.52271178342097
"313",-0.687021630456202,1.49571951639597,3.45533551680099
"314",-1.16850634508148,1.34218927693111,0.458704225133742
"315",-1.68876791323413,-0.0992104087418562,1.00541755262851
"316",-1.2162744291213,0.699246279910688,1.48362595962216
"317",-1.04000969029041,1.95365343663684,2.54525363686962
"318",-1.49782562649592,1.00571352654009,2.99627809920249
"319",-1.12006611680604,0.840805818424062,1.15901810192373
"320",-1.10400266162962,0.690104685002678,1.07488526528489
"321",-1.63762689172121,-0.488430993426938,0.0348440646255188
"322",-0.0366757624224912,3.50534652415432,6.67894407219709
"323",-1.47651600184782,-0.357413866166865,0.047582781167756
"324",-1.06517326003293,1.44050720363567,3.71447231447701
"325",-0.573685232418777,3.05943458503496,5.21621316194864
"326",-1.45323451586933,1.0220015798105,1.38798653526059
"327",-1.33759597402364,0.425033800206444,0.832098594033944
"328",-0.726322852141597,2.08038807345574,4.79561166967489
"329",-0.19147808057168,2.28290711558781,4.75502398113802
"330",-0.262784826731789,2.0230909019247,7.09255336879934
"331",-0.617479207040398,1.68055199050789,4.12944196210672
"332",-1.05090730888156,0.591157600686759,5.00990780708306
"333",-1.04758492056424,0.990573883473217,-0.879074743651727
"334",-0.608571861550593,0.696219241634114,4.53566036990292
"335",-0.873088393968574,1.10210892759829,2.53364128088547
"336",-1.27371655040669,0.373207521921893,0.129182743538066
"337",-0.772807078168902,2.18117467215151,3.54687747762838
"338",-1.10217855984629,0.154581449429913,0.955920697578094
"339",-1.55502142098676,-0.488446807152487,0.44497002731387
"340",-0.425145835160936,3.00195443944913,6.36025351603884
"341",-1.14391797293286,-1.12909075635163,0.0606824638262204
"342",-0.851443000316714,1.56523997316977,4.084460725051
"343",-0.339211199993928,2.41401518992544,5.77014253680514
"344",-0.45641482940501,2.2886033284402,5.3647097646135
"345",-0.963493571725034,0.183957625690986,2.43502177347827
"346",-2.45866943925374,-2.57996257449454,-3.11086318340117
"347",-0.678496337692519,1.27161884077987,4.3499974112871
"348",-1.04029588681732,0.278840003042722,2.66089367232506
"349",-1.54869566086522,-0.0708947902911554,1.89349254571678
"350",-0.40929261309598,0.530082855654082,5.15995241561529
"351",-1.74223889443458,-1.30322456083068,0.568453900453897
"352",-2.07338211674175,-2.02070601572603,-2.3618665806217
"353",-1.04504621971044,1.00945202174683,2.25861385731419
"354",-1.69625673797949,-0.720473650769533,-1.04666569842101
"355",-1.17616287328771,-0.0119288064262819,2.29683170094462
"356",-1.13178564466161,0.554564188474854,1.68545591905502
"357",-1.20413562365864,1.06483593843301,2.17272696838065
"358",-0.862516807983583,0.74993714199347,2.14025451015794
"359",-0.759713908779191,-0.254345027993246,2.88211142573748
"360",-0.32334879066675,2.69244660589623,6.57537970172351
"361",-1.43905093254008,1.10810322373648,2.93049954979605
"362",-1.8008001517662,-1.04803918847553,-1.71070399934972
"363",-0.843415965253547,0.642546567532003,4.4483294022396
"364",-1.40885004257372,1.28210570616698,1.65060251855056
"365",-1.14992013906558,1.194037504829,4.03858863157713
"366",-0.22108020818872,2.75358813277717,4.76312602526013
"367",-0.611667903390478,1.26161080327671,2.39978546484479
"368",-0.415189874075674,3.72610150411979,5.67171443144878
"369",-0.698813483695411,1.55944385100803,2.9853960859705
"370",-0.470943491769349,1.99742429551197,6.070739337324
"371",-0.320389411974102,2.13872401325457,4.47634791627936
"372",-1.39877762502903,0.599060877645648,1.76857676148025
"373",-1.59804282794439,-0.210164492412952,1.26374537932654
"374",-2.15940076929914,-2.63128602501449,-1.91284034091423
"375",-0.596858612152611,3.05283092591764,6.44086006846614
"376",-1.49592483508451,-0.0195377222742072,1.01171166593877
"377",-1.09433096592604,0.530842838337786,1.49698853903979
"378",-0.9890957103157,1.51412602187702,2.65739522772056
"379",-0.980774824364761,1.63555152724591,3.52157339449968
"380",-0.807199255519333,1.63723715663033,1.79739445573412
"381",-0.160602227537915,2.57416083392634,6.36605955606706
"382",-1.18671212653555,0.567272086375557,1.54085070497936
"383",-1.50188409453554,1.57059020538881,2.1471491573376
"384",-0.375583915622197,3.02508999681712,5.63051734390711
"385",-1.73053727856139,-0.652621776988877,0.809228510716194
"386",-1.19387193823602,-0.54229585618282,1.78460999187723
"387",-0.549878109477716,3.40682806638913,3.54433438292893
"388",-1.60608895792796,-0.0657346028359247,1.41312296953471
"389",-0.0221390116004245,2.51548412535989,6.39321890151333
"390",-0.813883764499943,2.20437598504298,2.85360211581081
"391",-0.698783077769959,2.04280961844968,4.74186092708104
"392",-0.795701528799907,1.34111700179782,3.39491550013428
"393",-1.44992115432261,0.248242146269187,-0.431794138431216
"394",-1.10711539461483,-0.272381703924014,2.34266442637853
"395",-0.612749270309641,1.65963710517498,5.09263617075422
"396",-1.04508545216535,1.37804514215208,3.34718254608535
"397",-1.22348704625617,0.460395167864971,0.958280664042333
"398",-1.40824837424941,0.922200123885194,2.91536271464644
"399",-1.43447972014008,-0.331236491603774,3.0860463096737
"400",-1.3832249455605,0.682848661462944,1.64157971168737
"401",-0.925339465630061,0.80305399782723,3.45784693424125
"402",-0.411070514624105,2.37057765340929,4.03709342670531
"403",-0.189495488631012,3.34618165660833,6.05613388977331
"404",-0.448643275271239,2.3600332419599,6.82869430530923
"405",-0.228652925250281,2.53649769464298,7.54715625790652
"406",-1.2379148736277,2.08980244600096,3.11102387243556
"407",-0.975199936415593,1.17626475631431,3.0703544958155
"408",-1.5931275645441,0.33144446118559,1.04811291531812
"409",-1.21538935432098,1.2404795530419,4.79181445393649
"410",-0.45009832752644,3.13422743229968,5.57285956253927
"411",-1.49261032075548,-0.930306397696827,0.0259637397274002
"412",-1.28819997094182,0.0401896357112099,2.20064178000266
"413",-0.584885377973523,1.78581923843051,4.51632143837282
"414",-1.08564512010634,0.713703084919399,3.62354839021892
"415",-0.846659007275267,2.08311960924666,5.2733715533683
"416",-1.48125770101207,0.302300604935336,1.05557223717943
"417",-0.313276723743761,2.95825881706253,5.27238443821883
"418",-0.872942119946009,1.26787190335507,4.39225007982575
"419",-1.27109337823163,-0.0641728114280518,2.40202598737877
"420",-0.562330948119022,1.86268446634892,6.28637485260065
"421",-0.623046348325575,1.03431158611976,2.0069621478238
"422",-0.859124201478824,1.82195933896456,4.41664355463048
"423",-1.30869443121935,0.921244426388911,1.38512024444811
"424",-1.63303114099316,-0.871321841681769,-1.01443457241248
"425",-1.09203662195601,0.560697371248868,1.18952427490284
"426",-0.402556607799337,1.66193847680217,5.64984871628915
"427",-1.51017363574694,0.0640077732898502,0.489959610297771
"428",-0.458929393532764,1.95513857865532,5.38641291802691
"429",-1.40024391532739,1.77240901218023,4.46752708591575
"430",-0.87696792232033,0.986098550733995,1.72885196408475
"431",-1.00554509546487,0.296514455931144,2.79989049390821
"432",-0.418402337923501,2.8720856670721,6.0001746222622
"433",-1.69749997787437,0.870098799758314,-0.462442619664908
"434",-1.39307149583012,0.912198904853454,1.90490965816848
"435",-0.577867214643298,1.90065738114139,3.53356060788982
"436",-1.01779352538047,-0.0463739728331924,1.87047012659966
"437",-1.42290504516922,0.423170117314981,2.3495819993751
"438",0.401926036573041,4.97543365190412,9.57770321790757
"439",-1.2018390712156,0.180876230995101,0.287959953354075
"440",-0.978341104054817,1.43230161897737,4.49596415984911
"441",-0.822400067846439,1.46690828957083,4.99421626241975
"442",-0.593766084037229,2.05083446826862,4.25479396726097
"443",-0.176612306278757,1.7832806295881,6.38680295028553
"444",-0.870800868845667,0.907693122829814,3.37223661201047
"445",-0.619975023861915,1.88264025469341,5.72696894371966
"446",-1.36125770213128,0.223256908799889,3.22671161641303
"447",-1.13774489858698,0.498395007899539,3.39664259857388
"448",-0.28296668817764,3.00488331599928,5.04950343765377
"449",-0.550307773419171,2.3355481590537,5.89693065538899
"450",-0.879106713431186,0.949993593990993,3.76324186179339
"451",-1.84134954501119,-2.40642594500538,-1.08874750638914
"452",-1.28949807272701,-0.14637740199761,0.379016552679561
"453",-0.877933806176863,1.04784272674699,2.50934202363103
"454",-0.876600589671,0.657671009342278,1.34789279203436
"455",-1.36540837841055,0.769174299824668,1.86875404351114
"456",-0.456089527439806,2.07502811205818,6.50024988765841
"457",-1.33975180017271,-0.139565190641881,2.68236260028369
"458",-2.05159291295471,-0.315026264962155,-0.364753321841005
"459",-0.558471180484291,1.69432914181329,2.97448410815094
"460",-2.05388213351784,0.606974453665287,-1.14023456488794
"461",-0.474389036193658,1.53074011033864,6.76713857169667
"462",-0.379093146019259,2.41092641690863,6.00201125290576
"463",-1.18259780662726,0.451432996273253,4.02411134870622
"464",-0.843095692898348,1.09895543881431,3.42138976489624
"465",-1.62076507239105,-0.313677808281877,0.438095498296387
"466",-1.73251731652834,-0.751139050077648,0.158389580357047
"467",-1.38376842715427,0.00275000475428944,1.97320828582589
"468",-1.18042805870696,0.375382484358186,0.224603700700662
"469",-1.13711458618346,1.45998591304187,2.54174943134405
"470",-2.39169923182071,-1.53068809389427,-2.92516143410967
"471",-1.17485444040092,1.29259882973629,1.90167006373916
"472",-1.47743255900983,0.507112564664242,0.505323306770677
"473",-0.27288048119716,2.93913941916671,5.29747736301633
"474",-1.33910741731715,1.02190291525703,1.28494982606848
"475",-1.04373083801501,0.480067004451738,3.53964530166947
"476",-2.02414183608625,-2.12320185128063,-2.59511427511522
"477",-0.322047809590584,2.79059371700475,6.31816990246853
"478",-1.76788943578585,-0.473670455928511,0.396375288787724
"479",-0.352474995835829,3.0748624121875,6.51459866733705
"480",-0.958774864370487,1.05050668258109,5.52170298666627
"481",-1.51660010438695,-0.495544643908449,0.143195164464776
"482",-0.541143813435137,1.82013934506915,3.87589469569779
"483",-2.05059087276908,-1.5635432100785,-1.09033795851517
"484",-1.45638898245941,0.498261102939247,-0.0415561790213643
"485",-0.780297165242466,0.935055808630342,2.67019479535355
"486",-1.28470157614147,-0.652791312600805,1.98648922639607
"487",-1.39636842525589,0.26583233096637,1.68912783310972
"488",-0.897036609180135,2.14220007468358,2.90290592139198
"489",-0.194000341166165,3.19977040770889,5.67585480720198
"490",-1.03409053819437,0.824564804826843,1.54726359185082
"491",-1.47598594738979,0.319591071673707,1.16478860465077
"492",-1.51123454050931,-1.54844967582817,-0.44467580721443
"493",-1.19796277438493,2.38377013907041,2.35223526655331
"494",-0.588641004841381,2.15175859254334,5.00605453010118
"495",-1.41101411019009,0.10055649271842,1.8678930021927
"496",0.149822745818006,3.88765877788807,7.49390096257349
"497",-0.95606974820891,0.68946087670437,2.66763284258882
"498",-1.16971510135496,0.54035979398622,3.09495860928541
"499",-1.53688352022561,-0.738285437125832,0.054332349132022
"500",-2.05944381339166,-1.84510619279977,-1.09052801056929
"501",-0.901726316211576,1.50845530672751,3.41292839645765
"502",-1.34334205297265,-0.726201680640634,1.11752961719191
"503",-1.14772923828805,1.43091449600511,2.81663668646514
"504",-1.18583956855247,1.81299146309338,2.32994763343476
"505",-0.504117907022014,2.14174802880995,5.24220489937574
"506",-1.2409512894515,1.16900768511812,2.690602776239
"507",-1.15932093910544,-0.124914098010166,1.65412809107052
"508",-1.25035404833856,0.268874986666099,0.830051782432091
"509",-1.51396716017295,0.122209932436328,0.248033983153325
"510",-1.18066029057951,1.13653161968279,0.390746854183055
"511",-1.28596599905002,-0.487272158485738,1.48992206188101
"512",-0.23564894987898,1.8794148493623,5.27512951168955
"513",-1.5347343437673,-1.09877710473177,2.04284238101747
"514",-0.518859993441088,2.49510831099081,4.89825603373681
"515",-2.34951787359919,-2.30925652324307,-4.64651106861056
"516",-1.25149733677787,1.1311328497281,1.6196542399988
"517",-0.939776238066273,0.914793701509248,3.84688560694117
"518",-1.76712875492584,-1.71027847668607,0.691423320771736
"519",-0.333600638249237,2.26264744135298,5.34316072277477
"520",-1.45394656835838,-0.293261306200655,1.20105921561949
"521",-0.577939451392443,0.0629132562374948,3.59769520483992
"522",-0.739064166016092,1.25602633211413,3.56387265672368
"523",-0.867742157081766,1.92653299910673,2.17614257193723
"524",-1.03206773327668,1.53559270352069,3.31957062338348
"525",-1.35090765668184,-0.157930259144366,1.32573239560691
"526",-2.09375656242101,-0.989138120247661,-1.12140294930239
"527",-0.859296494956993,2.13248808485985,3.17191567706253
"528",-1.43740406964441,-0.098518845692295,0.509864720930768
"529",-1.72387129397568,-0.392291580855837,1.07165555369737
"530",-0.68144016558663,1.01551719924018,3.45516913257622
"531",-1.26078273433458,-0.355532509085114,-0.931644300204128
"532",-0.182839950417198,2.9809820081314,6.76014705997587
"533",-1.02969446985326,1.77585553481883,4.37358559608619
"534",0.650702910680428,4.61154914879287,10.863814706123
"535",-1.25756948653477,0.257455641192418,1.95600503768697
"536",-1.03014237711654,2.06752566816919,3.73232529623694
"537",-0.725866987663981,0.563156800006135,2.3736088338064
"538",-1.44225467955873,-0.398646200805312,0.124745985952732
"539",-1.69595633432905,-0.11079061175674,1.55942716807087
"540",-0.986366715586807,0.0762862902042117,3.0321829735823
"541",0.0772503048784339,2.90472968510792,7.90548955951606
"542",-0.622483050094907,0.855301335237894,3.82148858834226
"543",-0.585777819605867,1.29929782026915,5.76591455174053
"544",-1.30126535832257,-0.362367999964338,2.62333738944014
"545",-0.706268739660683,3.51446433361755,5.06005230372552
"546",-1.1945970470115,0.403388342761747,1.31973635288237
"547",-1.77320191595536,0.11713224225986,0.432263735859099
"548",-1.04765637134378,-0.0367564128538442,3.1884299783858
"549",-0.493075069482946,2.49615248737011,5.54749886790815
"550",-0.435788505175703,2.37009043370195,7.36679120536933
"551",-0.913070644277384,1.77508139513786,2.82040577833103
"552",-0.339695989002964,2.37287783619829,6.36210774856851
"553",-0.713594787765693,1.89553036000796,3.69840498549469
"554",-1.66158689108462,-0.101215996614922,1.64197809112963
"555",-1.501392606022,1.43520507318351,1.56028302383298
"556",-0.831852471277714,0.316973703964393,2.87101521268839
"557",-0.967044066128167,0.971595544849962,3.76774542738064
"558",-0.537716636481312,3.72074875254925,4.2044950283471
"559",-1.08232391871778,0.387566962556932,4.01610530443563
"560",-0.525701217817093,0.562160360976631,4.97722524670591
"561",-0.876463381274666,1.10249308522273,5.08204739771509
"562",-0.735542979536591,1.96888134174461,4.48582989764
"563",-1.15140110136408,0.578621258536808,1.68606699487901
"564",-0.632524488857713,1.87921678255426,2.97806245909733
"565",-1.50635882863562,-0.406280591798452,0.687809171797096
"566",-0.903294410634111,2.37267010809111,4.02764819665671
"567",-1.3914709393399,-0.0958480404170778,2.3566304937107
"568",-0.666940457224607,1.08469020696186,4.95206052821716
"569",-0.132994427855716,1.97274455032044,8.52669692524289
"570",-0.363289438647012,1.71409309613609,5.34679179112733
"571",-0.547079957991352,1.12327296616954,3.05619718905908
"572",-0.652122329160413,1.51580514649666,4.69434179903238
"573",-1.20473977131888,0.859770260127703,3.69160248305129
"574",-1.06744145999787,1.07593254302537,1.43223147375937
"575",-1.181532459194,0.677414764183213,2.78518103465573
"576",-1.32857948074592,-0.200682520062568,4.06165650684638
"577",-0.784313633986651,1.37783433393234,3.99844260090909
"578",-1.08471146668416,1.23939041636616,2.35618468392818
"579",-0.950121260530872,1.39853237291312,2.7462865373877
"580",-1.01721482744265,1.23587250341148,1.38309925436908
"581",-0.815838002993546,2.22279116015991,2.38263136597078
"582",-1.09768355917089,0.0289640525392846,3.27138566266903
"583",-1.40209881677304,0.393933460634626,1.00313993574811
"584",-1.24052662968163,0.485334315419628,2.60017376714508
"585",-0.416854832529623,2.2003603274771,5.22650797244393
"586",-1.23513261675388,-0.348089719123775,1.13908174211217
"587",-1.18339973140683,1.93139961281524,3.06264157700953
"588",-1.06242736677187,0.983906126865312,3.53910166157703
"589",-1.44513235360622,0.579756445313927,2.41095540503787
"590",-0.480047309367231,1.67679749291413,5.43404803592052
"591",-0.544198329930455,3.18158296493762,7.39397703258688
"592",-0.92937713067708,1.76778508597042,4.03540384039974
"593",-0.479053001737438,2.57780463641257,5.46169379983679
"594",-1.13423734515672,0.289481057764804,0.925405741569185
"595",-0.125530656086523,2.19251122971501,5.5911301950789
"596",-0.466491421013774,2.75238336902617,4.3412846558654
"597",-0.773011659219106,0.875706917316903,4.46888243110612
"598",-0.753231658700533,1.92556661936301,4.99440341450191
"599",0.40640536265832,4.88440804028056,9.18391769149546
"600",-0.708263066220877,1.56883816665985,5.59473371424983
"601",-0.608174038488161,1.58578604955196,5.08484996541763
"602",-2.31145333865231,-2.23906558045676,-2.66649802810259
"603",-0.890513896672246,1.15468413573989,2.7879472605056
"604",-1.10083633888146,1.55342628376111,2.5547746133267
"605",-1.11460991323875,1.4700790998306,2.71891922055853
"606",-0.319503776067467,0.411751181901907,4.02845018169564
"607",-0.775794735563025,1.64897280421073,4.59505966878887
"608",-0.957357607091052,1.81257695332869,4.96890079483836
"609",-0.570361151573016,1.45223183372653,6.17234737583699
"610",-1.36684218920308,0.561016380412515,0.50421463547314
"611",-1.22244590768625,1.16917836116092,2.69551802042878
"612",-1.13381081622215,0.382310422648144,1.67733345860315
"613",-1.38876515556791,-0.287415848154724,0.930859153560258
"614",0.356418728459715,2.30520227988529,8.19492048925333
"615",-1.25875931418913,-0.612769695233419,4.80070423492972
"616",-0.968331411965416,2.98448192637631,4.04272030202544
"617",-1.04428209160237,0.938877118145135,3.01477930143871
"618",-1.21850757024914,0.760328980894501,2.0378249811827
"619",-1.61371093568718,-1.4595823941187,0.655541038436012
"620",0.278931061703861,3.59516340956511,7.08032078927781
"621",-1.26897820427888,0.282556883854397,0.898969815639499
"622",-0.471969592480467,2.56314746137055,5.15492273642927
"623",-0.611165824424578,2.21689950928063,5.38454519616702
"624",-0.676703683740563,1.34904200384548,3.08755513960905
"625",-1.34035247622854,0.215571755098143,0.772300533614377
"626",-1.08149510640387,2.3489037261568,5.18473126386788
"627",-0.860511852630864,1.53739575753287,4.21690801742382
"628",-0.306704624188226,2.7088558157782,4.30100342456255
"629",-0.303716165306365,1.31945832048176,5.21256468150683
"630",-1.29700371233565,1.08354113158088,0.497634122965241
"631",-0.530203196594615,2.9884640483209,5.85296410327696
"632",-1.44413989824087,0.38105012712751,1.29843196437125
"633",-1.45717489466872,-0.184940062541485,1.99311219957966
"634",-1.31298915986534,0.139355859825327,3.08626633684283
"635",-2.36965823396647,-0.295995732754664,-2.5414162839994
"636",-0.250833508820559,2.02180333500475,8.74329616155238
"637",-1.49852947794805,-1.10927819513413,-0.988438196037986
"638",-1.55873154363688,1.14706310959701,0.822615332745045
"639",-0.561117756745963,1.58092925704111,3.78212954605191
"640",-1.25065990631809,-0.0759130521403231,2.84544964071137
"641",-1.38016251783157,-0.129117029838526,0.312654789916441
"642",-1.04210049581985,0.223594227839257,1.35022322487718
"643",-1.45205911567362,-0.0747909510851044,2.62656664572637
"644",-0.423758163210706,2.733161968937,4.52948381645541
"645",-0.930521356653943,1.94790918944325,4.18546290479668
"646",-1.69412434453534,0.436411771986497,-0.733646061658034
"647",-1.32412922757066,0.297203217693105,2.46533825388862
"648",-1.50928571728561,0.437449545481803,3.26250397121466
"649",-0.913575188259988,1.10521000868466,2.56844229099352
"650",-0.976519404281477,1.77988335426012,4.83059574289195
"651",-0.842866397273386,1.60038882776939,4.83497932925967
"652",-0.508912675134831,1.89196261610737,3.43505907589363
"653",-0.242848687404793,1.22800973243577,4.79140060282786
"654",-1.51118241208056,-0.060518214635277,0.89176557786885
"655",-1.37769846209751,0.292929196640435,1.57605558898541
"656",-1.70651863197517,-0.29729037409538,0.783280476334276
"657",-1.90478271775822,-0.31935759412328,-0.27876448635471
"658",-1.83245369829072,-2.40186314840037,-0.848576476042797
"659",-1.07214228559352,0.440190625909398,1.43182698856163
"660",-1.48754374171416,-0.510104850861703,0.153116094418339
"661",-1.10674639089237,0.17189267409851,1.42613595696502
"662",-1.48712677647601,0.127826128513261,0.209873766533564
"663",-0.953989713652739,0.312352050800643,3.35150106641574
"664",-1.09985354504076,0.312239297560373,1.85563225646496
"665",0.333235165118913,4.33504335047549,9.31198965557077
"666",-0.469876995073365,2.10450747338705,4.72428080513803
"667",-1.51156788380678,-0.5849765688657,1.18704196666397
"668",-1.19226933077656,0.164518883907393,0.756033217750212
"669",-2.10563640464213,-1.55779984019149,-1.36097178797542
"670",0.00735263190372959,2.46588833943463,6.72252816260856
"671",0.0275208947025596,3.45447338973196,6.57784345674905
"672",-0.646933398788556,1.42394293823474,3.28061663472524
"673",-1.28559709159723,0.0500068160659422,0.721391530292428
"674",-1.86760865247439,-0.697135480092299,-1.30030566875377
"675",-1.84741290288124,-1.98054762962947,-1.41590428210379
"676",-0.546298689791247,2.37753692073722,4.37109339828032
"677",-1.77511054907478,0.0132127675323319,-1.18747283209527
"678",-1.36071916874249,-0.999382034768473,1.94867037627267
"679",-0.886407599426705,1.94298291638811,4.58230113609527
"680",-1.06230015699755,1.42947465608423,1.77725148753993
"681",-1.97587971178129,-1.3946683357195,0.67739385481744
"682",-0.994582713687763,0.722141095509355,3.48053943830535
"683",-1.5585602563729,-0.172928323266509,0.671353685777
"684",-1.61907511629991,-0.250455618955964,0.813602654563867
"685",-0.0547902062872967,2.6093279329817,6.80056242205374
"686",-0.681932449147683,2.17288624368848,4.31328322498641
"687",-0.944677095877068,0.813836357864316,3.31004487319999
"688",-0.668227131922376,1.06280134621793,4.36877137937059
"689",-1.21190817907784,0.592360411515938,2.16296661213135
"690",-0.915219174850706,0.560754454738669,3.74203884246148
"691",-0.88689331490445,2.29304247077126,3.31769514377965
"692",-0.989602658411063,1.25414952820048,3.33902869717025
"693",-1.14814420473278,0.445332294823407,2.02833233222938
"694",-0.919761006289869,0.857499194222602,2.78007843720597
"695",-2.11094650213356,-1.485150024348,-0.133129591457203
"696",-0.962381485671594,0.353469732569792,4.54726779939208
"697",-0.930913627012926,1.84071414299439,3.74620648161216
"698",-0.256842843419377,1.99677626430845,4.60444321090783
"699",-0.533650091066203,3.39505688065751,3.12044852952795
"700",-1.48030737961054,-0.222952267059206,2.47520383082957
"701",-0.423940419793283,1.91787975666193,4.08023574445585
"702",-0.0183574339532613,3.72234438825291,6.8395490595746
"703",-0.921527530157427,1.4160796962192,4.75333836053106
"704",-0.746049173113445,1.25806900631357,3.38061063168545
"705",-1.29681444049808,-0.597078150235071,0.961127269781345
"706",-0.905968303102868,2.01316899920123,3.41052264314445
"707",-1.48920048446011,-0.95173090246911,0.352823735953735
"708",-1.27122858841406,0.321417701275662,2.18258020483414
"709",-1.00762586949462,0.765921662704842,1.50135431901203
"710",-1.72310747611566,-0.183967212919402,-0.536955938031571
"711",-0.177967803209501,2.73882403921339,8.07152468483463
"712",-0.382396726365688,1.89565461469925,5.22464241258836
"713",-1.29234454456892,0.900193044321112,3.35358703047399
"714",-1.58043726271913,-0.528515423894802,-0.0432892141457866
"715",-0.243166141991944,2.01947905456097,6.57330491019382
"716",-1.28203604115804,-0.827351202362814,2.7707481081335
"717",-0.430384847319136,1.51491494950628,6.19643748910494
"718",-1.6600247035708,-0.194465304914631,0.0902127907140149
"719",-1.19881851997184,0.352520683923106,2.30671101573491
"720",-1.72960668862036,-0.126793935739345,2.15939404954428
"721",-0.569944466845111,2.23962034154133,4.11415958876503
"722",-1.95413744545779,-1.77701766011914,-1.21707501591267
"723",-1.04435146651591,0.848402428729193,2.52846648591936
"724",-1.25375211902348,0.755820331078348,3.39217079356388
"725",-0.97816082296785,0.55955568461689,3.10006374207719
"726",-0.0970605140273879,3.50597448865191,7.67193258930376
"727",-1.32826620352012,-0.694807386414857,0.560505876688472
"728",-1.75506883361437,-1.16239897317243,0.276618512316942
"729",-1.1124958573434,1.6543639313094,1.69774649083204
"730",-0.916802249057662,1.56826159349425,3.80213631322452
"731",-1.62804139278819,-0.417548697171382,0.0905912532179483
"732",-0.223755568756433,3.61251060759501,6.99420047849176
"733",-1.31953057563272,0.125792126257892,1.50344595667105
"734",-1.56827215195314,0.487976683190405,-0.754983093392346
"735",-0.924227263257849,1.07629598027331,3.44540788083042
"736",-0.43612556506626,2.96145845850897,6.34078864515918
"737",-0.995460406519823,0.549181226035699,1.97581192072406
"738",-1.83160695679463,-1.41404273348415,-0.683400833073998
"739",-0.378567757115296,1.47415702192738,3.21365200947237
"740",-0.50491290969323,1.24135218104027,6.15228486284516
"741",-0.930251136574028,1.48167439727386,2.47857515457123
"742",-1.36428767880022,-0.404693349616263,1.05708727642464
"743",-0.614181929116939,1.90645675432986,5.72708421672391
"744",-2.00098487234867,-1.6411963363261,-1.17423646555706
"745",-0.106634397461504,2.50928263055402,7.0535580802718
"746",-1.53950700295437,-0.102077650661542,0.466800616584069
"747",-1.05814519740922,0.512375073074645,4.19197341157244
"748",-0.970872417273812,0.97388530518147,3.34179324605745
"749",-1.39524459374511,-0.0106085827865181,2.17329339619046
"750",-1.01098208469552,0.616942634810462,2.45418972390519
"751",-0.829559730525932,-0.0535907484745957,4.52001623389
"752",-0.784499279422614,1.70425971052798,4.38419972308291
"753",-1.65579138118484,-0.590274378164291,1.45486342622644
"754",-0.909833275571885,1.16793262339369,4.26957004883917
"755",-0.800076943273994,1.80584872677335,4.65452854182981
"756",-0.332763155144231,2.16886263843932,6.52996555489251
"757",-0.492908870141092,1.63260943769089,7.01976837965879
"758",-0.676370683268634,1.35638737693897,2.31253425293756
"759",-1.03308043020002,1.55312562998785,2.75091555264175
"760",-0.883318027674571,0.860653496261908,2.51855951951134
"761",-0.807615265263927,2.30522680465519,3.76078775191357
"762",-1.77743641397883,0.355163119040806,0.629807497497183
"763",-0.2022085883603,1.89535716617864,4.56439809217682
"764",-0.561751147748582,2.02901177771322,4.1636370775765
"765",-1.36906735865978,0.38852487663681,2.17182210160366
"766",-1.22509400981603,-0.774977324150798,2.56281287599578
"767",-0.375294016098621,1.60609455958819,3.6434774312978
"768",-0.845702037318813,1.85420384245258,4.43442522551401
"769",-1.098456789473,-0.294356657026225,2.7893763113806
"770",-1.64647376657799,0.381045828686241,0.199610300675267
"771",-1.15985157253106,0.227260103655923,3.35569638915872
"772",-0.81765301702745,1.36180125088542,3.67399903079918
"773",-1.58319421980139,-0.191235250958298,0.439267476310894
"774",-0.681807446852502,2.39165190674964,3.17047970497471
"775",-0.887667736865469,0.571128878855516,4.77740712623669
"776",-1.0228117956602,-0.0496124095780044,3.08339216944849
"777",-0.783904050504817,2.11076320548031,5.09383525908807
"778",-1.84156717368775,-1.15840605096694,-0.566984284335573
"779",-0.43933729556956,2.06846432376364,4.47617280580275
"780",-0.828776361902326,1.78773966503426,4.11585054710602
"781",-0.88512126855657,0.127794376074228,1.64271321821455
"782",-1.27801243433788,0.765142774891197,2.43759053381493
"783",-0.206133195533123,2.29849813178642,6.43633453575678
"784",-1.24934028543315,0.635131326518515,0.98477829759678
"785",-0.964148878857086,0.447462730502275,4.51798155678601
"786",-0.763342371034522,1.43509111236355,5.52896603495472
"787",-0.586306551154864,1.60302452995984,4.54300058827385
"788",-1.18548273518595,0.166538214619732,1.46590929471297
"789",-1.70014218986496,0.598425991789643,-0.867594060455649
"790",-1.78202189009446,-0.437531443185535,0.190546939456565
"791",-1.20990779780929,-0.0381057706202843,2.2417801578811
"792",-1.04241708372685,2.41875149403078,3.89449872543827
"793",-0.309978637813042,1.73068995062636,4.96229727581332
"794",-0.664317397055157,1.00579403798708,5.06100778960419
"795",-1.07883870090397,-1.28279667725569,2.80072790070357
"796",-0.563945825119246,2.33717541105393,6.22650300766312
"797",-0.985012659418017,1.38300459691766,2.04472962321728
"798",-1.03195942511134,1.43451943716269,2.61505733391892
"799",-1.14341083625031,0.430763667174635,3.44791970510698
"800",-1.13568692778289,-0.429451528267321,3.24758638861868
"801",-0.842803468018039,1.49752409435703,4.11483219202477
"802",-0.330291249144414,2.60180206870795,5.15286202901043
"803",-1.06425307071708,0.0403663088021428,1.74806038365045
"804",-0.603016730951009,0.959832832806585,5.11231926720533
"805",-1.19289924146289,-0.44859779957631,2.37705667504229
"806",-0.583777885851144,1.60701182320879,5.92017033719489
"807",-0.936836472087044,1.73363192387764,3.66731327609371
"808",-0.237393684779946,2.88448860296343,7.55350418160864
"809",-1.15562259093643,-0.30703208148,1.8378596122163
"810",-0.221891730104206,2.36699977525753,6.11769203749097
"811",-1.54034017217137,0.199210986392313,0.451449104794582
"812",-0.664634640181719,1.00372690796968,4.54278823673859
"813",0.109377369499954,2.88798093747691,7.6412639980081
"814",-0.866437323037884,1.47430791179973,3.78650482979816
"815",-0.746569642184971,1.68011486258349,3.60067034430725
"816",-0.827195634588348,1.45979364341072,2.09748118223635
"817",-0.0128796542714226,2.47942184650561,6.45533049571908
"818",-0.384884559576014,1.97051313572555,4.71396299470183
"819",-1.93301465560465,0.0169748301379724,-0.785555003312475
"820",-0.548719668136972,2.17748301036587,5.41498884919056
"821",-0.938619092987961,0.443735585753151,1.68849082889668
"822",-1.75071171564224,-1.52271273065745,0.449814584715011
"823",-1.47723679958838,-0.867013882018775,1.81518671309451
"824",-1.67629386057726,-1.00765736818221,-0.863856396743308
"825",-0.485712202417212,1.71291978593688,4.52373831279412
"826",-0.671036746875592,1.77947160595593,3.91349043565116
"827",-1.74773954248597,-0.829242086845497,-0.545872277018985
"828",-0.570184149496992,2.52016205319353,5.56240163789558
"829",-0.621895843185809,3.08824103195102,6.25737420222818
"830",-1.73905072841342,0.51985145544161,-0.319893045505974
"831",-0.961295763761085,2.05905296689006,3.92082617593479
"832",-1.16025865553551,0.620231805269121,4.0217697657843
"833",-1.25633478995922,0.223599016342329,2.20351217743003
"834",-1.08188187802155,1.42011112303587,3.63392631854199
"835",-0.970917860195642,1.56801312892099,3.78140147772487
"836",-1.16316612459696,-0.249963714047426,2.26247690071382
"837",-0.971499324303076,1.45167992356527,2.83745775137885
"838",-0.87870043493757,0.862238776052574,3.85773320234564
"839",-0.651187256539699,1.03751811911446,2.76416100704561
"840",-0.425849876644353,1.71257249471302,2.31402418560104
"841",-0.637680880075722,1.12787406971219,5.42999323929248
"842",-0.787879489124118,1.64202303410182,3.87426923991734
"843",-1.23467827468388,-0.153343236852747,3.14508647390207
"844",-0.613450330031729,2.02342237894402,4.6918962788722
"845",-0.961374610385743,1.72023675676241,2.94444547187046
"846",-0.788153234984338,1.6095503983242,4.03749500844852
"847",-1.72590792878589,-0.229312093212993,-1.92387074439273
"848",-0.225490604159426,2.48628231386365,7.12623364413885
"849",-0.145731958208906,2.90497783730187,6.96391324230501
"850",-0.509916913729272,0.618266402840761,6.73443017631097
"851",-1.46508340885848,-0.239233965443324,0.0252481974494856
"852",-0.532578996498844,2.68339395788392,3.40306312383305
"853",-1.32907570769764,-1.55967998689876,1.68657995549496
"854",-1.50872802432135,-1.25856672199571,-1.29039983009637
"855",-0.356396482760094,2.29449495153799,6.61387910835605
"856",-1.50690846278569,-0.028679372848311,1.88229357898176
"857",-0.702040040610944,2.27583229109027,3.66221283862202
"858",-1.09312264373053,1.13354626006763,3.08290805789668
"859",-1.17789982803498,-0.664491329157272,2.903471157035
"860",-1.3886499897258,-0.669999555587936,-0.645383435562958
"861",-0.428633795090131,3.71534468165604,5.13024516661209
"862",-0.668601588920275,1.86845374085208,4.17082509854702
"863",-0.999901521290463,0.707173125159888,2.45541303118863
"864",-1.95688799207629,-0.959183912349059,-0.52804991458693
"865",-0.882014701250166,2.60665498902925,3.89220312463591
"866",-0.1978397469422,2.50770164922251,6.39281299813004
"867",-1.37351686773391,0.200129360911406,2.65261190887195
"868",-1.22771243630687,0.00782700881608334,1.71644409279318
"869",-0.548894683876919,1.28842996250154,4.17702336867941
"870",-0.72722629128107,0.651880410414921,5.04234719083402
"871",-1.14423936354419,0.403603899377144,0.858440155176052
"872",-0.0226219085264108,3.41875779665861,7.5451577037636
"873",-0.899760121071108,0.200501977675362,1.73475979070252
"874",-0.0963534981947157,2.38510339646589,6.1009451635547
"875",-1.50960331815957,-0.729212320117609,1.37876585243234
"876",-0.573914513597378,1.71134571935115,4.51224474305123
"877",-0.523823518291689,2.20922750899531,4.56312192571787
"878",-1.11004299930587,0.356404281384361,0.698316720672176
"879",-1.06733624543619,1.60784805938407,2.48969723470959
"880",-1.17493071895499,1.26453391730561,1.42102449344947
"881",-1.23105438667826,-0.433865265170716,0.126195340199377
"882",-1.30663371905663,-0.437794651874763,0.889345944273229
"883",-1.29409583569236,-0.489662134230723,0.97790756074298
"884",-1.35986886069044,2.07209533262705,1.75718105431989
"885",-1.24066981154206,0.536757584604466,1.14413205048914
"886",-0.718384863610468,0.109891886749949,4.04306629533491
"887",-0.340662533624645,3.12737166521796,6.00556011980566
"888",-1.38462613331294,0.568001640922053,1.1133658304587
"889",-0.294312024632432,2.97092011706541,6.09582063254446
"890",-0.979707178560258,1.34077744988169,2.08703224920344
"891",-1.07233350419703,1.18959311218149,2.91668465708928
"892",-0.744762733077319,1.76616210347852,3.58895852979523
"893",-0.693609564834546,1.9903649340285,5.45275903310341
"894",-0.31052090162219,2.23875729791962,6.19076691140336
"895",-0.376674174181505,2.11773696719548,5.59512970978209
"896",-1.50581812207543,-0.945525767369671,0.0191368806071543
"897",-1.54535033569473,0.795792407291198,1.08520251155166
"898",-0.538712227904526,2.11014684111606,6.08603318412032
"899",-1.59643022985024,0.329774977878658,1.3766338033339
"900",-1.17944005812565,0.993010460568571,3.36393811390908
"901",-0.167983682468568,3.48122432279216,5.14552606693589
"902",-1.43457790841011,0.452084916469451,1.326002441789
"903",-1.32923346055623,-1.11564971893772,2.85892936156458
"904",-2.52022522746782,-2.74265548342528,-4.61197316466599
"905",-0.115661658529147,2.19845442542859,5.82816274975124
"906",-1.1491063313186,0.0220529487728741,3.12063596319947
"907",-1.0416785866849,1.86411402848935,2.80923019018018
"908",-0.495779303688736,2.11771759174929,4.79886288600433
"909",-1.27445513936679,0.0558071188071714,1.60171415774503
"910",-1.78167270849927,-1.16254962749112,-0.24044600244715
"911",-1.71022221343232,-0.574530982033626,-0.226324376896719
"912",-0.993085479404838,1.11150800795486,2.30276438326275
"913",-0.790031846440892,1.09260718031626,3.36878958328152
"914",-0.698169386883005,1.16763262070442,4.48400319885654
"915",-1.1484960444735,0.0180983169173146,2.37722791934545
"916",-1.72193888872297,1.12347713496616,0.868943319179115
"917",-1.81075695705188,-1.05994465910956,-0.807776314921181
"918",-1.52760979633675,0.311630400312004,0.282404535184147
"919",-0.0955300486496252,3.086036188551,7.82160433115394
"920",-0.901672664583044,1.4857272439287,3.71649810798149
"921",-1.48080580594686,0.298023969763527,2.61649003136796
"922",-0.501090796298957,2.8420279289868,5.29778427578548
"923",-1.0805585964465,0.216573360311823,4.08179705168305
"924",-1.88271214345351,-0.557897874842368,-2.40148808964189
"925",-0.0980438098706595,3.54578227767882,7.44504332946878
"926",-0.376469500912625,0.961573688239981,6.81658016055747
"927",-0.81936898970458,2.41654466202809,4.7347490462901
"928",-1.48853803527926,0.60738757032358,0.766711058719794
"929",-1.09039587942236,0.896146810716077,4.00846260427361
"930",-1.07490468920454,1.29162617640192,3.35828572664475
"931",-0.859586966019867,-1.06829417087986,3.85042032326735
"932",-0.247018510840505,1.60703958130109,6.10832104812369
"933",-1.66195193472732,-0.727175910131798,0.222706999384855
"934",-1.3886004599006,1.01874985483437,2.41112190084164
"935",-0.22418933504003,3.36184127038641,5.82565647868265
"936",-1.64581644281844,-0.638163267585889,-0.133283376038879
"937",-1.2035131246761,0.0723990577131991,1.26087193332854
"938",-0.320398951237568,3.76695619477342,6.77541056852635
"939",0.0406233061672172,3.11645486643431,5.86097329190623
"940",-1.23238991477687,1.1771124256213,2.58063233925793
"941",-0.650532248724756,1.49571993241261,5.62407026119999
"942",-1.54687310238803,0.55350599134209,2.32710584451004
"943",-0.892522708936267,1.71530098310971,4.2923158670259
"944",-1.41684892066935,0.24188076238415,0.535835645423771
"945",-0.425383082526377,1.38276885740494,5.76042888876192
"946",-1.09794901172075,1.28193148321866,2.42718452129761
"947",-1.4443457844894,-0.390751764333568,1.32023036216737
"948",-1.08698728703341,0.301772134789382,3.44074461920528
"949",-1.85974384046288,-0.249432256740753,0.574519437790924
"950",-0.431774804853772,2.82409089650681,5.96765120301756
"951",-1.42753195468197,1.06386251940015,1.9194872812056
"952",-1.9390264339129,0.589401344459791,-1.27013654221085
"953",-0.596442613453834,2.70043910005108,4.98878984247439
"954",-0.294852030495111,2.28736976514522,5.82387707133099
"955",-0.603764345422864,1.26142858727106,5.32798105846744
"956",-0.896560685186858,0.646767222190914,4.42230394933252
"957",-0.924986838284855,2.2675279286935,5.29262899605705
"958",-0.673510372437407,1.21844987480024,4.08724243386956
"959",-1.17840212070914,1.42619341573515,0.487807848033317
"960",-1.05671185667202,1.39711696125059,2.05568831833669
"961",-1.34743704828556,0.24618327898202,0.911709920211109
"962",-1.08968956707809,1.24869136243083,1.60248491787453
"963",-1.15160445558564,-0.53083247735972,1.05728042618019
"964",-1.55027006251934,1.32690127562197,1.41537011815028
"965",-1.22232103609758,0.805596226399588,3.16729394332911
"966",-1.37710203678915,-0.279951858802866,2.34319156051468
"967",-1.01883691861179,0.478327668701293,1.59432545024215
"968",-1.94090612919993,-0.216872129836875,0.252237135739174
"969",-0.537765138733799,0.790713378187728,5.9404574024516
"970",-1.30463691243345,1.76876585344504,3.31999656266318
"971",-1.23433437008165,1.10685315535295,3.25922048908493
"972",-0.495038911778039,1.56392112933497,6.59049092244039
"973",-1.50698376020266,-0.830487769864904,-0.239686495928829
"974",-1.05174428546066,0.448312731448642,3.21490906012831
"975",-1.38144213395498,1.32362589289157,2.52170503999361
"976",-1.32032185997015,1.23605905258378,3.17119609638051
"977",-1.48530127990957,-0.620675025733565,1.86381973849491
"978",-2.00675314962697,0.172801622726821,-0.886110891480522
"979",-1.22745461792904,0.476772778850714,2.09170507373802
"980",-0.767263539851192,2.16735306852554,4.6938730466521
"981",-1.89128908946525,-1.12104417445445,-0.720400622899874
"982",-0.791782721560728,1.09740456113847,3.22645033149164
"983",-0.908767135047728,0.969823558424728,4.35259247131484
"984",-0.782523356340266,0.752264135832965,3.42399590813122
"985",-0.396258849778452,1.010942022805,6.63225401770485
"986",-1.45224425382337,-0.061886470944801,1.66245592512494
"987",-1.46421430747275,-0.309127345226191,-1.03248927117611
"988",-1.2906795131802,-0.758498196545463,1.70440429481389
"989",-0.593226797686635,2.23710962878424,4.62643229950342
"990",-1.14197561794801,0.962353308613087,3.08956179623921
"991",0.280721937305223,4.02359709184327,9.26020484665258
"992",-1.58480204733683,-0.424823011177838,1.94986836351856
"993",-0.430127231609361,3.3708586459907,3.86976922157727
"994",-0.736806449947776,1.62616394350944,6.37802687162767
"995",-1.16321513352006,-0.546804104101378,0.487191406824057
"996",-0.520780695113586,1.90449306613375,3.84359663376103
"997",-0.721053872309948,2.09047092035901,4.12968770897743
"998",-1.35095763940262,-1.25138970142686,0.581265564578222
"999",-1.52397632665391,1.43291001267045,1.72999173962223
"1000",-0.889551132571383,0.914918860967137,3.99795068154666
